Row Type,Campaign,Ad Group,Status,Campaign Type,Budget,Bid Strategy Type,Target Google Search,Target Search Network,Target Content Network,Language,Location,Keyword,Match Type,Max CPC,Headline 1,Headline 2,Headline 3,Description 1,Description 2,Final URL,Path 1,Path 2
Campaign,[EN] West Africa Search,,Enabled,Search Network only,15,Manual CPC,TRUE,FALSE,FALSE,English,"Ghana;Sierra Leone;Liberia;Gambia",,,,,,,,,,,,
Campaign,[FR] West Africa Search,,Enabled,Search Network only,10,Manual CPC,TRUE,FALSE,FALSE,French,"Cote d'Ivoire;Senegal;Cameroon;Benin;Togo",,,,,,,,,,,,
Campaign,[AR] North Africa Search,,Enabled,Search Network only,10,Manual CPC,TRUE,FALSE,FALSE,Arabic,"Morocco;Algeria;Tunisia;Egypt",,,,,,,,,,,,
Ad group,[EN] West Africa Search,Toyota Corolla,Enabled,,,,,,,,,,,,,,,,,,,,
Ad group,[EN] West Africa Search,Toyota Camry,Enabled,,,,,,,,,,,,,,,,,,,,
Ad group,[EN] West Africa Search,Toyota RAV4 Prado,Enabled,,,,,,,,,,,,,,,,,,,,
Ad group,[EN] West Africa Search,Honda CR-V,Enabled,,,,,,,,,,,,,,,,,,,,
Ad group,[EN] West Africa Search,Honda Accord Civic,Enabled,,,,,,,,,,,,,,,,,,,,
Ad group,[EN] West Africa Search,Hyundai ix35 Tucson,Enabled,,,,,,,,,,,,,,,,,,,,
Ad group,[EN] West Africa Search,Hyundai Elantra Sonata,Enabled,,,,,,,,,,,,,,,,,,,,
Ad group,[EN] West Africa Search,Nissan Qashqai X-Trail,Enabled,,,,,,,,,,,,,,,,,,,,
Ad group,[EN] West Africa Search,Half Cut General,Enabled,,,,,,,,,,,,,,,,,,,,
Ad group,[FR] West Africa Search,Toyota Corolla FR,Enabled,,,,,,,,,,,,,,,,,,,,
Ad group,[FR] West Africa Search,Honda CR-V FR,Enabled,,,,,,,,,,,,,,,,,,,,
Ad group,[FR] West Africa Search,Hyundai FR,Enabled,,,,,,,,,,,,,,,,,,,,
Ad group,[FR] West Africa Search,Half Cut FR,Enabled,,,,,,,,,,,,,,,,,,,,
Ad group,[AR] North Africa Search,Toyota AR,Enabled,,,,,,,,,,,,,,,,,,,,
Ad group,[AR] North Africa Search,Honda AR,Enabled,,,,,,,,,,,,,,,,,,,,
Ad group,[AR] North Africa Search,Half Cut AR,Enabled,,,,,,,,,,,,,,,,,,,,
Keyword,[EN] West Africa Search,Toyota Corolla,Enabled,,,,,,,,,+toyota +corolla +engine +ghana,Broad Match Modified,1.50,,,,,,,,,,,
Keyword,[EN] West Africa Search,Toyota Corolla,Enabled,,,,,,,,,"toyota corolla engine ghana",Phrase Match,1.50,,,,,,,,,,,
Keyword,[EN] West Africa Search,Toyota Corolla,Enabled,,,,,,,,,+corolla +2009 +engine +ghana,Broad Match Modified,1.50,,,,,,,,,,,
Keyword,[EN] West Africa Search,Toyota Corolla,Enabled,,,,,,,,,+corolla +2010 +engine +ghana,Broad Match Modified,1.50,,,,,,,,,,,
Keyword,[EN] West Africa Search,Toyota Corolla,Enabled,,,,,,,,,+corolla +2008 +engine +ghana,Broad Match Modified,1.50,,,,,,,,,,,
Keyword,[EN] West Africa Search,Toyota Corolla,Enabled,,,,,,,,,+corolla +2007 +engine +ghana,Broad Match Modified,1.50,,,,,,,,,,,
Keyword,[EN] West Africa Search,Toyota Corolla,Enabled,,,,,,,,,+corolla +engine +for +sale +accra,Broad Match Modified,1.50,,,,,,,,,,,
Keyword,[EN] West Africa Search,Toyota Corolla,Enabled,,,,,,,,,+corolla +half +cut +ghana,Broad Match Modified,1.50,,,,,,,,,,,
Keyword,[EN] West Africa Search,Toyota Corolla,Enabled,,,,,,,,,+corolla +spare +parts +ghana,Broad Match Modified,1.20,,,,,,,,,,,
Keyword,[EN] West Africa Search,Toyota Camry,Enabled,,,,,,,,,+toyota +camry +engine +ghana,Broad Match Modified,1.50,,,,,,,,,,,
Keyword,[EN] West Africa Search,Toyota Camry,Enabled,,,,,,,,,"camry engine ghana",Phrase Match,1.50,,,,,,,,,,,
Keyword,[EN] West Africa Search,Toyota Camry,Enabled,,,,,,,,,+camry +2009 +engine +ghana,Broad Match Modified,1.50,,,,,,,,,,,
Keyword,[EN] West Africa Search,Toyota Camry,Enabled,,,,,,,,,+camry +2010 +engine +ghana,Broad Match Modified,1.50,,,,,,,,,,,
Keyword,[EN] West Africa Search,Toyota Camry,Enabled,,,,,,,,,+camry +2007 +engine +ghana,Broad Match Modified,1.50,,,,,,,,,,,
Keyword,[EN] West Africa Search,Toyota Camry,Enabled,,,,,,,,,+camry +half +cut +ghana,Broad Match Modified,1.50,,,,,,,,,,,
Keyword,[EN] West Africa Search,Toyota Camry,Enabled,,,,,,,,,+camry +spare +parts +accra,Broad Match Modified,1.20,,,,,,,,,,,
Keyword,[EN] West Africa Search,Toyota RAV4 Prado,Enabled,,,,,,,,,+toyota +rav4 +engine +ghana,Broad Match Modified,1.50,,,,,,,,,,,
Keyword,[EN] West Africa Search,Toyota RAV4 Prado,Enabled,,,,,,,,,+rav4 +2009 +engine +ghana,Broad Match Modified,1.50,,,,,,,,,,,
Keyword,[EN] West Africa Search,Toyota RAV4 Prado,Enabled,,,,,,,,,+land +cruiser +prado +engine +ghana,Broad Match Modified,1.50,,,,,,,,,,,
Keyword,[EN] West Africa Search,Toyota RAV4 Prado,Enabled,,,,,,,,,+prado +spare +parts +ghana,Broad Match Modified,1.50,,,,,,,,,,,
Keyword,[EN] West Africa Search,Toyota RAV4 Prado,Enabled,,,,,,,,,+rav4 +half +cut +ghana,Broad Match Modified,1.20,,,,,,,,,,,
Keyword,[EN] West Africa Search,Honda CR-V,Enabled,,,,,,,,,+honda +crv +engine +ghana,Broad Match Modified,1.50,,,,,,,,,,,
Keyword,[EN] West Africa Search,Honda CR-V,Enabled,,,,,,,,,"honda crv engine ghana",Phrase Match,1.50,,,,,,,,,,,
Keyword,[EN] West Africa Search,Honda CR-V,Enabled,,,,,,,,,+crv +2007 +engine +ghana,Broad Match Modified,1.50,,,,,,,,,,,
Keyword,[EN] West Africa Search,Honda CR-V,Enabled,,,,,,,,,+crv +2008 +engine +ghana,Broad Match Modified,1.50,,,,,,,,,,,
Keyword,[EN] West Africa Search,Honda CR-V,Enabled,,,,,,,,,+crv +2009 +engine +ghana,Broad Match Modified,1.50,,,,,,,,,,,
Keyword,[EN] West Africa Search,Honda CR-V,Enabled,,,,,,,,,+crv +2010 +engine +ghana,Broad Match Modified,1.50,,,,,,,,,,,
Keyword,[EN] West Africa Search,Honda CR-V,Enabled,,,,,,,,,+crv +half +cut +ghana,Broad Match Modified,1.50,,,,,,,,,,,
Keyword,[EN] West Africa Search,Honda CR-V,Enabled,,,,,,,,,+honda +crv +spare +parts +ghana,Broad Match Modified,1.20,,,,,,,,,,,
Keyword,[EN] West Africa Search,Honda Accord Civic,Enabled,,,,,,,,,+honda +accord +engine +ghana,Broad Match Modified,1.50,,,,,,,,,,,
Keyword,[EN] West Africa Search,Honda Accord Civic,Enabled,,,,,,,,,+accord +2008 +engine +ghana,Broad Match Modified,1.50,,,,,,,,,,,
Keyword,[EN] West Africa Search,Honda Accord Civic,Enabled,,,,,,,,,+accord +2010 +engine +ghana,Broad Match Modified,1.50,,,,,,,,,,,
Keyword,[EN] West Africa Search,Honda Accord Civic,Enabled,,,,,,,,,+honda +civic +engine +ghana,Broad Match Modified,1.50,,,,,,,,,,,
Keyword,[EN] West Africa Search,Honda Accord Civic,Enabled,,,,,,,,,+civic +2009 +engine +ghana,Broad Match Modified,1.20,,,,,,,,,,,
Keyword,[EN] West Africa Search,Honda Accord Civic,Enabled,,,,,,,,,+accord +half +cut +ghana,Broad Match Modified,1.20,,,,,,,,,,,
Keyword,[EN] West Africa Search,Hyundai ix35 Tucson,Enabled,,,,,,,,,+hyundai +ix35 +engine +ghana,Broad Match Modified,1.50,,,,,,,,,,,
Keyword,[EN] West Africa Search,Hyundai ix35 Tucson,Enabled,,,,,,,,,"ix35 engine ghana",Phrase Match,1.50,,,,,,,,,,,
Keyword,[EN] West Africa Search,Hyundai ix35 Tucson,Enabled,,,,,,,,,+ix35 +2010 +engine +ghana,Broad Match Modified,1.50,,,,,,,,,,,
Keyword,[EN] West Africa Search,Hyundai ix35 Tucson,Enabled,,,,,,,,,+ix35 +2012 +engine +ghana,Broad Match Modified,1.50,,,,,,,,,,,
Keyword,[EN] West Africa Search,Hyundai ix35 Tucson,Enabled,,,,,,,,,+ix35 +spare +parts +ghana,Broad Match Modified,1.20,,,,,,,,,,,
Keyword,[EN] West Africa Search,Hyundai ix35 Tucson,Enabled,,,,,,,,,+hyundai +tucson +engine +ghana,Broad Match Modified,1.50,,,,,,,,,,,
Keyword,[EN] West Africa Search,Hyundai ix35 Tucson,Enabled,,,,,,,,,+tucson +2009 +engine +ghana,Broad Match Modified,1.50,,,,,,,,,,,
Keyword,[EN] West Africa Search,Hyundai ix35 Tucson,Enabled,,,,,,,,,+ix35 +half +cut +ghana,Broad Match Modified,1.20,,,,,,,,,,,
Keyword,[EN] West Africa Search,Hyundai Elantra Sonata,Enabled,,,,,,,,,+hyundai +elantra +engine +ghana,Broad Match Modified,1.20,,,,,,,,,,,
Keyword,[EN] West Africa Search,Hyundai Elantra Sonata,Enabled,,,,,,,,,+elantra +2010 +engine +ghana,Broad Match Modified,1.20,,,,,,,,,,,
Keyword,[EN] West Africa Search,Hyundai Elantra Sonata,Enabled,,,,,,,,,+elantra +2012 +engine +ghana,Broad Match Modified,1.20,,,,,,,,,,,
Keyword,[EN] West Africa Search,Hyundai Elantra Sonata,Enabled,,,,,,,,,+hyundai +sonata +engine +ghana,Broad Match Modified,1.20,,,,,,,,,,,
Keyword,[EN] West Africa Search,Hyundai Elantra Sonata,Enabled,,,,,,,,,+sonata +2011 +engine +ghana,Broad Match Modified,1.20,,,,,,,,,,,
Keyword,[EN] West Africa Search,Hyundai Elantra Sonata,Enabled,,,,,,,,,+hyundai +santa+fe +engine +ghana,Broad Match Modified,1.20,,,,,,,,,,,
Keyword,[EN] West Africa Search,Nissan Qashqai X-Trail,Enabled,,,,,,,,,+nissan +qashqai +engine +ghana,Broad Match Modified,1.50,,,,,,,,,,,
Keyword,[EN] West Africa Search,Nissan Qashqai X-Trail,Enabled,,,,,,,,,"qashqai engine ghana",Phrase Match,1.50,,,,,,,,,,,
Keyword,[EN] West Africa Search,Nissan Qashqai X-Trail,Enabled,,,,,,,,,+qashqai +2008 +engine +ghana,Broad Match Modified,1.50,,,,,,,,,,,
Keyword,[EN] West Africa Search,Nissan Qashqai X-Trail,Enabled,,,,,,,,,+qashqai +2010 +engine +ghana,Broad Match Modified,1.50,,,,,,,,,,,
Keyword,[EN] West Africa Search,Nissan Qashqai X-Trail,Enabled,,,,,,,,,+qashqai +spare +parts +ghana,Broad Match Modified,1.20,,,,,,,,,,,
Keyword,[EN] West Africa Search,Nissan Qashqai X-Trail,Enabled,,,,,,,,,+nissan +xtrail +engine +ghana,Broad Match Modified,1.50,,,,,,,,,,,
Keyword,[EN] West Africa Search,Nissan Qashqai X-Trail,Enabled,,,,,,,,,+xtrail +2008 +engine +ghana,Broad Match Modified,1.50,,,,,,,,,,,
Keyword,[EN] West Africa Search,Nissan Qashqai X-Trail,Enabled,,,,,,,,,+nissan +sylphy +engine +ghana,Broad Match Modified,1.20,,,,,,,,,,,
Keyword,[EN] West Africa Search,Nissan Qashqai X-Trail,Enabled,,,,,,,,,+qashqai +half +cut +ghana,Broad Match Modified,1.50,,,,,,,,,,,
Keyword,[EN] West Africa Search,Half Cut General,Enabled,,,,,,,,,+half +cut +ghana,Broad Match Modified,1.50,,,,,,,,,,,
Keyword,[EN] West Africa Search,Half Cut General,Enabled,,,,,,,,,"half cut ghana",Phrase Match,1.50,,,,,,,,,,,
Keyword,[EN] West Africa Search,Half Cut General,Enabled,,,,,,,,,+half +cut +accra,Broad Match Modified,1.50,,,,,,,,,,,
Keyword,[EN] West Africa Search,Half Cut General,Enabled,,,,,,,,,+used +car +parts +ghana,Broad Match Modified,1.20,,,,,,,,,,,
Keyword,[EN] West Africa Search,Half Cut General,Enabled,,,,,,,,,+second +hand +car +parts +ghana,Broad Match Modified,1.20,,,,,,,,,,,
Keyword,[EN] West Africa Search,Half Cut General,Enabled,,,,,,,,,+japanese +used +parts +ghana,Broad Match Modified,1.20,,,,,,,,,,,
Keyword,[EN] West Africa Search,Half Cut General,Enabled,,,,,,,,,+used +engine +for +sale +ghana,Broad Match Modified,1.20,,,,,,,,,,,
Keyword,[EN] West Africa Search,Half Cut General,Enabled,,,,,,,,,+car +engine +for +sale +accra,Broad Match Modified,1.20,,,,,,,,,,,
Keyword,[FR] West Africa Search,Toyota Corolla FR,Enabled,,,,,,,,,+toyota +corolla +moteur +occasion,Broad Match Modified,1.20,,,,,,,,,,,
Keyword,[FR] West Africa Search,Toyota Corolla FR,Enabled,,,,,,,,,+corolla +2009 +moteur +afrique,Broad Match Modified,1.20,,,,,,,,,,,
Keyword,[FR] West Africa Search,Toyota Corolla FR,Enabled,,,,,,,,,+corolla +2010 +moteur +occasion,Broad Match Modified,1.20,,,,,,,,,,,
Keyword,[FR] West Africa Search,Toyota Corolla FR,Enabled,,,,,,,,,+moteur +corolla +cote+d'ivoire,Broad Match Modified,1.20,,,,,,,,,,,
Keyword,[FR] West Africa Search,Toyota Corolla FR,Enabled,,,,,,,,,+moteur +corolla +senegal,Broad Match Modified,1.20,,,,,,,,,,,
Keyword,[FR] West Africa Search,Honda CR-V FR,Enabled,,,,,,,,,+honda +crv +moteur +occasion,Broad Match Modified,1.20,,,,,,,,,,,
Keyword,[FR] West Africa Search,Honda CR-V FR,Enabled,,,,,,,,,+crv +2007 +moteur +afrique,Broad Match Modified,1.20,,,,,,,,,,,
Keyword,[FR] West Africa Search,Honda CR-V FR,Enabled,,,,,,,,,+honda +accord +moteur +occasion,Broad Match Modified,1.20,,,,,,,,,,,
Keyword,[FR] West Africa Search,Hyundai FR,Enabled,,,,,,,,,+hyundai +ix35 +moteur +occasion,Broad Match Modified,1.00,,,,,,,,,,,
Keyword,[FR] West Africa Search,Hyundai FR,Enabled,,,,,,,,,+ix35 +2010 +moteur +afrique,Broad Match Modified,1.00,,,,,,,,,,,
Keyword,[FR] West Africa Search,Hyundai FR,Enabled,,,,,,,,,+hyundai +tucson +moteur +occasion,Broad Match Modified,1.00,,,,,,,,,,,
Keyword,[FR] West Africa Search,Half Cut FR,Enabled,,,,,,,,,+half+cut +abidjan,Broad Match Modified,1.20,,,,,,,,,,,
Keyword,[FR] West Africa Search,Half Cut FR,Enabled,,,,,,,,,+half+cut +dakar,Broad Match Modified,1.20,,,,,,,,,,,
Keyword,[FR] West Africa Search,Half Cut FR,Enabled,,,,,,,,,+pieces +auto +occasion +afrique,Broad Match Modified,1.00,,,,,,,,,,,
Keyword,[FR] West Africa Search,Half Cut FR,Enabled,,,,,,,,,+moteur +occasion +chine +afrique,Broad Match Modified,1.00,,,,,,,,,,,
Keyword,[AR] North Africa Search,Toyota AR,Enabled,,,,,,,,,تويوتا كورولا 2009 قطع غيار,Broad,1.20,,,,,,,,,,,
Keyword,[AR] North Africa Search,Toyota AR,Enabled,,,,,,,,,محرك كورولا مستعمل المغرب,Broad,1.20,,,,,,,,,,,
Keyword,[AR] North Africa Search,Toyota AR,Enabled,,,,,,,,,كامري قطع غيار مستعملة,Broad,1.00,,,,,,,,,,,
Keyword,[AR] North Africa Search,Honda AR,Enabled,,,,,,,,,هوندا CR-V 2007 قطع غيار,Broad,1.20,,,,,,,,,,,
Keyword,[AR] North Africa Search,Honda AR,Enabled,,,,,,,,,محرك CRV مستعمل مصر,Broad,1.20,,,,,,,,,,,
Keyword,[AR] North Africa Search,Honda AR,Enabled,,,,,,,,,هوندا أكورد قطع غيار مستعملة,Broad,1.00,,,,,,,,,,,
Keyword,[AR] North Africa Search,Half Cut AR,Enabled,,,,,,,,,هاف كت سيارات المغرب,Broad,1.20,,,,,,,,,,,
Keyword,[AR] North Africa Search,Half Cut AR,Enabled,,,,,,,,,قطع غيار مستعملة من الصين,Broad,1.00,,,,,,,,,,,
Keyword,[AR] North Africa Search,Half Cut AR,Enabled,,,,,,,,,كورولا 2009 محرك للبيع,Broad,1.20,,,,,,,,,,,
Negative keyword,[EN] West Africa Search,,,,,,,,,,free,,Broad,,free,,,,,,,,,
Negative keyword,[EN] West Africa Search,,,,,,,,,,repair manual,,Broad,,repair manual,,,,,,,,,
Negative keyword,[EN] West Africa Search,,,,,,,,,,how to fix,,Broad,,how to fix,,,,,,,,,
Negative keyword,[EN] West Africa Search,,,,,,,,,,engine oil,,Broad,,engine oil,,,,,,,,,
Negative keyword,[EN] West Africa Search,,,,,,,,,,new car,,Broad,,new car,,,,,,,,,
Negative keyword,[EN] West Africa Search,,,,,,,,,,rent,,Broad,,rent,,,,,,,,,
Negative keyword,[EN] West Africa Search,,,,,,,,,,buy new,,Broad,,buy new,,,,,,,,,
Negative keyword,[FR] West Africa Search,,,,,,,,,,gratuit,,Broad,,gratuit,,,,,,,,,
Negative keyword,[FR] West Africa Search,,,,,,,,,,neuf,,Broad,,neuf,,,,,,,,,
Negative keyword,[FR] West Africa Search,,,,,,,,,,location,,Broad,,location,,,,,,,,,
Negative keyword,[AR] North Africa Search,,,,,,,,,,مجاني,,Broad,,مجاني,,,,,,,,,
Negative keyword,[AR] North Africa Search,,,,,,,,,,جديد,,Broad,,جديد,,,,,,,,,
Responsive search ad,[EN] West Africa Search,Toyota Corolla,Enabled,,,,,,,,,,,,Toyota Corolla Engine Ghana,2007 2008 2009 2010 — Real Stock,China Sourced · Ghana Pickup,Looking for a Corolla engine? We source used stock from China — ship it and clear customs. Collect in Ghana.,Browse Corolla engines at asia-power.com. Ghana office pickup. Quote in 2 hours.,https://asia-power.com,corolla,engine
Responsive search ad,[EN] West Africa Search,Toyota Camry,Enabled,,,,,,,,,,,,Toyota Camry Engine Ghana,2007 2009 2010 — Used Stock,China to Ghana · Pickup Ready,Need a Camry engine? We source real used stock from China and deliver to our Ghana office.,Browse Camry engines at asia-power.com. Collect in Ghana. Get a quote in 2 hours.,https://asia-power.com,camry,engine
Responsive search ad,[EN] West Africa Search,Toyota RAV4 Prado,Enabled,,,,,,,,,,,,RAV4 & Land Cruiser Parts Ghana,Prado · RAV4 2009 — Real Stock,Shipped · Cleared · Ghana Pickup,Used Toyota RAV4 and Land Cruiser Prado parts from China. We handle shipping and customs.,Browse RAV4 Prado stock at asia-power.com. Ghana office pickup. Quote in 2 hours.,https://asia-power.com,toyota,parts
Responsive search ad,[EN] West Africa Search,Honda CR-V,Enabled,,,,,,,,,,,,Honda CR-V Engine Ghana,2007 2008 2009 2010 — Real Stock,China Sourced · Ghana Pickup,Looking for a CRV engine? We source used stock from China — ship it and clear customs for you.,Browse CR-V engines at asia-power.com. Ghana office pickup. Quote in 2 hours.,https://asia-power.com,crv,engine
Responsive search ad,[EN] West Africa Search,Honda Accord Civic,Enabled,,,,,,,,,,,,Honda Accord & Civic Engine Ghana,2008 2009 2010 — Used Stock,China to Ghana · Pickup Ready,Need an Accord or Civic engine? Used stock from China. We handle shipping & customs clearance.,Browse Honda engines at asia-power.com. Collect in Ghana. Get a quote in 2 hours.,https://asia-power.com,honda,engine
Responsive search ad,[EN] West Africa Search,Hyundai ix35 Tucson,Enabled,,,,,,,,,,,,Hyundai ix35 Engine Ghana,Tucson · ix35 2010 2012 — Real Stock,Shipped · Cleared · Ghana Pickup,Looking for ix35 or Tucson engine? Used stock from China. Shipping and customs handled for you.,Browse ix35 stock at asia-power.com. Ghana office pickup. Quote in 2 hours.,https://asia-power.com,ix35,engine
Responsive search ad,[EN] West Africa Search,Hyundai Elantra Sonata,Enabled,,,,,,,,,,,,Hyundai Elantra Engine Ghana,Sonata · Elantra · Santa Fe Stock,China Sourced · Ghana Pickup,Used Hyundai Elantra Sonata engines from China. We handle shipping and customs to Ghana.,Browse Hyundai stock at asia-power.com. Ghana office pickup. Quote in 2 hours.,https://asia-power.com,elantra,engine
Responsive search ad,[EN] West Africa Search,Nissan Qashqai X-Trail,Enabled,,,,,,,,,,,,Nissan Qashqai Engine Ghana,X-Trail · Qashqai 2008 2010 — Stock,China Sourced · Ghana Pickup,Looking for a Qashqai or X-Trail engine? Used stock from China. All shipping and customs handled.,Browse Nissan stock at asia-power.com. Ghana office pickup. Quote in 2 hours.,https://asia-power.com,qashqai,engine
Responsive search ad,[EN] West Africa Search,Half Cut General,Enabled,,,,,,,,,,,,Half Cut Ghana — Used Car Parts,Corolla · CRV · Camry · ix35 More,China Stock · Ghana Office Pickup,Browse half-cut vehicles from China. Engine gearbox and parts in one. We handle all logistics.,Shop half-cuts at asia-power.com. Collect in Ghana. No import stress. Quote in 2 hours.,https://asia-power.com,half-cut,ghana
Responsive search ad,[FR] West Africa Search,Toyota Corolla FR,Enabled,,,,,,,,,,,,Moteur Toyota Corolla Occasion,2007 2008 2009 2010 — Stock Chine,Livraison + Dédouanement Inclus,Vous cherchez un moteur Corolla ? Stock réel depuis la Chine. Transport et dédouanement inclus.,Commandez sur asia-power.com — devis en 2h. Retrait en bureau local.,https://asia-power.com?lang=fr,corolla,moteur
Responsive search ad,[FR] West Africa Search,Honda CR-V FR,Enabled,,,,,,,,,,,,Moteur Honda CRV Occasion — Chine,2007 2008 2009 · Stock Réel Afrique,Dédouanement Inclus · Retrait Local,Moteur Honda CR-V d'occasion depuis la Chine. Expédition et dédouanement pris en charge.,Parcourez le stock sur asia-power.com. Retrait en bureau local. Devis en 2 heures.,https://asia-power.com?lang=fr,crv,moteur
Responsive search ad,[FR] West Africa Search,Hyundai FR,Enabled,,,,,,,,,,,,Moteur Hyundai ix35 Occasion,Tucson · ix35 2010 2012 · Stock Chine,Livraison + Dédouanement Inclus,Moteurs Hyundai ix35 Tucson d'occasion depuis la Chine. Logistique complète prise en charge.,Commandez sur asia-power.com. Retrait en bureau local. Devis rapide en 2 heures.,https://asia-power.com?lang=fr,ix35,moteur
Responsive search ad,[FR] West Africa Search,Half Cut FR,Enabled,,,,,,,,,,,,Half Cut Occasion — Stock Chine,Corolla · CRV · ix35 Disponibles,Livraison + Dédouanement Inclus,Half cuts depuis la Chine — moteur boîte et pièces en une commande. Logistique entièrement gérée.,Parcourez le stock sur asia-power.com. Retrait en bureau local. Devis rapide.,https://asia-power.com?lang=fr,half-cut,afrique
Responsive search ad,[AR] North Africa Search,Toyota AR,Enabled,,,,,,,,,,,,تويوتا كورولا — قطع غيار مستعملة,2007 · 2009 · 2010 · مخزون حقيقي,شحن وتخليص جمركي مُدار,تبحث عن محرك كورولا؟ مخزون مستعمل من الصين. نتولى الشحن والتخليص. استلم من مكتبنا.,تصفح المخزون على asia-power.com واحصل على عرض سعر خلال ساعتين.,https://asia-power.com?lang=ar,corolla,engine
Responsive search ad,[AR] North Africa Search,Honda AR,Enabled,,,,,,,,,,,,هوندا CR-V — قطع غيار مستعملة,2007 · 2008 · 2009 · مخزون حقيقي,شحن وتخليص جمركي مُدار,محركات هوندا CR-V وأكورد مستعملة من الصين. نتولى الشحن والتخليص الجمركي بالكامل.,تصفح على asia-power.com واحصل على عرض سعر خلال ساعتين.,https://asia-power.com?lang=ar,crv,engine
Responsive search ad,[AR] North Africa Search,Half Cut AR,Enabled,,,,,,,,,,,,هاف كت — قطع غيار مستعملة الصين,كورولا · CR-V · ix35 متوفر,شحن وتخليص جمركي مُدار,هاف كت من الصين — محرك وناقل حركة في طلب واحد. نتولى كامل الخدمات اللوجستية.,تصفح المخزون على asia-power.com واحصل على عرض سعر خلال ساعتين.,https://asia-power.com?lang=ar,half-cut,africa
